{"nodes":{"node:1":{"location":{"x":-124,"y":-36}}},"selection":null,"view":{"scroll":{"x":-821.2008056640625,"y":-381.5103759765625},"zoom":1.24999988079071045}}