{"nodes":{"node:0":{"location":{"x":0,"y":0}}},"selection":null,"view":{"scroll":{"x":-472.90106201171875,"y":-286.252166748046875},"zoom":1.49999988079071045}}